Name,Latitude,Longitude,Income
Santa Ana ,8.9582716,-79.5430461,Lower
Santa Ana ,8.9524851,-79.5475415,Lower
Santa Ana ,8.9465289,-79.5507494,Lower
Santa Ana ,8.9467408,-79.5380035,Lower
Santa Ana ,8.9506198,-79.5383897,Lower
Santa Ana ,8.9536085,-79.5386258,Lower
Santa Ana ,8.9551982,-79.5365015,Lower
Santa Ana ,8.958208,-79.5378533,Lower
Santa Ana ,8.9568939,-79.5407715,Lower
Santa Ana ,8.9582716,-79.5430461,Lower
Kuna Nega / Valle de San Francisco,9.064612,-79.5419424,Lower
Kuna Nega / Valle de San Francisco,9.0719859,-79.562456,Lower
Kuna Nega / Valle de San Francisco,9.0669852,-79.5691508,Lower
Kuna Nega / Valle de San Francisco,9.0635101,-79.5688933,Lower
Kuna Nega / Valle de San Francisco,9.0516437,-79.5757597,Lower
Kuna Nega / Valle de San Francisco,9.047236,-79.567005,Lower
Kuna Nega / Valle de San Francisco,9.0412178,-79.5665758,Lower
Kuna Nega / Valle de San Francisco,9.0410483,-79.550783,Lower
Kuna Nega / Valle de San Francisco,9.046897,-79.5456331,Lower
Kuna Nega / Valle de San Francisco,9.0471512,-79.5365351,Lower
Kuna Nega / Valle de San Francisco,9.064612,-79.5419424,Lower
Pueblo Nuevo / Panama Viejo / Rio Abajo,9.0358971,-79.5089917,Lower
Pueblo Nuevo / Panama Viejo / Rio Abajo,9.0173627,-79.5174798,Lower
Pueblo Nuevo / Panama Viejo / Rio Abajo,9.0165108,-79.5161645,Lower
Pueblo Nuevo / Panama Viejo / Rio Abajo,9.0048715,-79.4952588,Lower
Pueblo Nuevo / Panama Viejo / Rio Abajo,9.0041933,-79.4842725,Lower
Pueblo Nuevo / Panama Viejo / Rio Abajo,9.0152984,-79.4851522,Lower
Pueblo Nuevo / Panama Viejo / Rio Abajo,9.0354944,-79.4836502,Lower
Pueblo Nuevo / Panama Viejo / Rio Abajo,9.0358971,-79.5089917,Lower
San Miguelito,9.0382321,-79.50908,Lower
San Miguelito,9.0332988,-79.4807957,Lower
San Miguelito,9.0458439,-79.4665478,Lower
San Miguelito,9.0482173,-79.4440601,Lower
San Miguelito,9.0666951,-79.4366787,Lower
San Miguelito,9.0936472,-79.4509266,Lower
San Miguelito,9.0931387,-79.481139,Lower
San Miguelito,9.0786455,-79.4781898,Lower
San Miguelito,9.0928841,-79.4823097,Lower
San Miguelito,9.0937317,-79.5116638,Lower
San Miguelito,9.0850869,-79.5351814,Lower
San Miguelito,9.0844088,-79.538443,Lower
San Miguelito,9.0762048,-79.5339709,Lower
San Miguelito,9.0648473,-79.541009,Lower
San Miguelito,9.0453523,-79.5332843,Lower
San Miguelito,9.0458609,-79.5228129,Lower
San Miguelito,9.0382321,-79.50908,Lower
Juan Diaz,9.0418147,-79.46954,Lower
Juan Diaz,9.0407975,-79.459927,Lower
Juan Diaz,9.0306256,-79.4546055,Lower
Juan Diaz,9.0411366,-79.4213032,Lower
Juan Diaz,9.040967,-79.4080853,Lower
Juan Diaz,9.0428319,-79.3989872,Lower
Juan Diaz,9.0694467,-79.4060253,Lower
Juan Diaz,9.0992802,-79.3902325,Lower
Juan Diaz,9.11284,-79.4024204,Lower
Juan Diaz,9.0935171,-79.4479107,Lower
Juan Diaz,9.067243,-79.4355511,Lower
Juan Diaz,9.0492739,-79.4417309,Lower
Juan Diaz,9.0462224,-79.4439625,Lower
Juan Diaz,9.0450357,-79.4654202,Lower
Juan Diaz,9.0418147,-79.46954,Lower
Tocument / Pacora,9.018857,-79.3914935,Lower
Tocument / Pacora,9.0212305,-79.3224858,Lower
Tocument / Pacora,9.0208068,-79.2694451,Lower
Tocument / Pacora,9.0800552,-79.2589713,Lower
Tocument / Pacora,9.117854,-79.2735624,Lower
Tocument / Pacora,9.1325998,-79.3007705,Lower
Tocument / Pacora,9.1259894,-79.3223142,Lower
Tocument / Pacora,9.1256504,-79.3666026,Lower
Tocument / Pacora,9.1124301,-79.4012781,Lower
Tocument / Pacora,9.1009043,-79.388232,Lower
Tocument / Pacora,9.0683589,-79.4047113,Lower
Tocument / Pacora,9.018857,-79.3914935,Lower
Curundu / San Miguel / Calidonia,8.9687851,-79.53251,Lower
Curundu / San Miguel / Calidonia,8.9706472,-79.5338158,Lower
Curundu / San Miguel / Calidonia,8.978235,-79.5368843,Lower
Curundu / San Miguel / Calidonia,8.9797186,-79.5417123,Lower
Curundu / San Miguel / Calidonia,8.976709,-79.5481067,Lower
Curundu / San Miguel / Calidonia,8.9665353,-79.5536856,Lower
Curundu / San Miguel / Calidonia,8.9649669,-79.5542865,Lower
Curundu / San Miguel / Calidonia,8.9640971,-79.5535589,Lower
Curundu / San Miguel / Calidonia,8.9642069,-79.5530236,Lower
Curundu / San Miguel / Calidonia,8.9637194,-79.5481205,Lower
Curundu / San Miguel / Calidonia,8.963465,-79.5435607,Lower
Curundu / San Miguel / Calidonia,8.9632743,-79.5430672,Lower
Curundu / San Miguel / Calidonia,8.9614726,-79.5429385,Lower
Curundu / San Miguel / Calidonia,8.9590775,-79.5428527,Lower
Curundu / San Miguel / Calidonia,8.9572123,-79.5404494,Lower
Curundu / San Miguel / Calidonia,8.9585264,-79.5380891,Lower
Curundu / San Miguel / Calidonia,8.9675558,-79.5325959,Lower
Curundu / San Miguel / Calidonia,8.9687851,-79.53251,Lower
Punta Pacifica / Paitilla,8.9651421,-79.50732,High
Punta Pacifica / Paitilla,8.9647606,-79.4978787,High
Punta Pacifica / Paitilla,8.9740865,-79.5036293,High
Punta Pacifica / Paitilla,8.9809112,-79.5053889,High
Punta Pacifica / Paitilla,8.9865066,-79.496205,High
Punta Pacifica / Paitilla,8.9884565,-79.5005823,High
Punta Pacifica / Paitilla,8.9862523,-79.5144011,High
Punta Pacifica / Paitilla,8.9690421,-79.5223833,High
Punta Pacifica / Paitilla,8.9651421,-79.50732,High
"Coco del Mar, San Francisco y El Golf",8.986687,-79.5145016,High
"Coco del Mar, San Francisco y El Golf",8.9889336,-79.5005541,High
"Coco del Mar, San Francisco y El Golf",8.9866022,-79.4957905,High
"Coco del Mar, San Francisco y El Golf",9.0031758,-79.4888811,High
"Coco del Mar, San Francisco y El Golf",9.0050408,-79.4992666,High
"Coco del Mar, San Francisco y El Golf",9.0019042,-79.5018416,High
"Coco del Mar, San Francisco y El Golf",8.9980046,-79.5069056,High
"Coco del Mar, San Francisco y El Golf",8.9951646,-79.5164757,High
"Coco del Mar, San Francisco y El Golf",8.9907563,-79.5175486,High
"Coco del Mar, San Francisco y El Golf",8.986687,-79.5145016,High
Obarrio y San Francisco,8.976618,-79.5196048,High
Obarrio y San Francisco,8.986687,-79.5145016,High
Obarrio y San Francisco,8.9912845,-79.5211498,High
Obarrio y San Francisco,8.9812384,-79.5275871,High
Obarrio y San Francisco,8.9764908,-79.5268146,High
Obarrio y San Francisco,8.976618,-79.5196048,High
Costa del Este y Santa Maria Luxury Properties,9.0064938,-79.4802724,High
Costa del Este y Santa Maria Luxury Properties,9.0030977,-79.4791151,High
Costa del Este y Santa Maria Luxury Properties,9.0092861,-79.4434954,High
Costa del Este y Santa Maria Luxury Properties,9.0128941,-79.4393312,High
Costa del Este y Santa Maria Luxury Properties,9.0316703,-79.4442664,High
Costa del Este y Santa Maria Luxury Properties,9.0256942,-79.4692002,High
Costa del Este y Santa Maria Luxury Properties,9.0064938,-79.4802724,High
Avenida Balboa,8.9752565,-79.5202056,High
Avenida Balboa,8.9764434,-79.5203773,High
Avenida Balboa,8.9762739,-79.5284883,High
Avenida Balboa,8.9691099,-79.5328657,High
Avenida Balboa,8.9687284,-79.531707,High
Avenida Balboa,8.9746842,-79.5267931,High
Avenida Balboa,8.9752565,-79.5202056,High
Casco Viejo,8.9541696,-79.5350792,High
Casco Viejo,8.9545088,-79.5369246,High
Casco Viejo,8.9535126,-79.5381155,High
Casco Viejo,8.9505663,-79.5378687,High
Casco Viejo,8.9493793,-79.5370319,High
Casco Viejo,8.9502695,-79.5331266,High
Casco Viejo,8.9484148,-79.5319786,High
Casco Viejo,8.9500682,-79.5306697,High
Casco Viejo,8.9548267,-79.5323648,High
Casco Viejo,8.9541696,-79.5350792,High
"El Dorado, Condado del Rey, Altos de Panama, Betania",8.9785376,-79.536403,Middle
"El Dorado, Condado del Rey, Altos de Panama, Betania",9.0189598,-79.5179654,Middle
"El Dorado, Condado del Rey, Altos de Panama, Betania",9.0368879,-79.5095968,Middle
"El Dorado, Condado del Rey, Altos de Panama, Betania",9.0439659,-79.5217419,Middle
"El Dorado, Condado del Rey, Altos de Panama, Betania",9.0436269,-79.5415688,Middle
"El Dorado, Condado del Rey, Altos de Panama, Betania",9.0115848,-79.543028,Middle
"El Dorado, Condado del Rey, Altos de Panama, Betania",8.9815897,-79.5401796,Middle
"El Dorado, Condado del Rey, Altos de Panama, Betania",8.9785376,-79.536403,Middle
Chanis / El Romeral / Campo Limbergh,9.0050044,-79.4827886,Middle
Chanis / El Romeral / Campo Limbergh,9.026536,-79.4695707,Middle
Chanis / El Romeral / Campo Limbergh,9.0302658,-79.4560094,Middle
Chanis / El Romeral / Campo Limbergh,9.0395901,-79.4615024,Middle
Chanis / El Romeral / Campo Limbergh,9.0387848,-79.470386,Middle
Chanis / El Romeral / Campo Limbergh,9.041031,-79.474978,Middle
Chanis / El Romeral / Campo Limbergh,9.0378523,-79.4793124,Middle
Chanis / El Romeral / Campo Limbergh,9.0335293,-79.4783254,Middle
Chanis / El Romeral / Campo Limbergh,9.0335717,-79.4824882,Middle
Chanis / El Romeral / Campo Limbergh,9.0146895,-79.4837971,Middle
Chanis / El Romeral / Campo Limbergh,9.0050044,-79.4827886,Middle
Costa Sur,9.0155578,-79.4055842,Middle
Costa Sur,9.0159393,-79.4055413,Middle
Costa Sur,9.0144134,-79.3946837,Middle
Costa Sur,9.0279762,-79.395027,Middle
Costa Sur,9.0408608,-79.3986319,Middle
Costa Sur,9.0398437,-79.4217204,Middle
Costa Sur,9.0327234,-79.4422769,Middle
Costa Sur,9.0116583,-79.4363975,Middle
Costa Sur,9.0155578,-79.4055842,Middle
El Cangrejo / El Carmen / Hato Pintado,9.006067,-79.4990692,Middle
El Cangrejo / El Carmen / Hato Pintado,9.0092036,-79.506751,Middle
El Cangrejo / El Carmen / Hato Pintado,9.0120222,-79.5113429,Middle
El Cangrejo / El Carmen / Hato Pintado,9.0146183,-79.5134243,Middle
El Cangrejo / El Carmen / Hato Pintado,9.015858,-79.5175656,Middle
El Cangrejo / El Carmen / Hato Pintado,8.9883067,-79.5316419,Middle
El Cangrejo / El Carmen / Hato Pintado,8.9772856,-79.5364484,Middle
El Cangrejo / El Carmen / Hato Pintado,8.9705032,-79.5337018,Middle
El Cangrejo / El Carmen / Hato Pintado,8.9774551,-79.5294103,Middle
El Cangrejo / El Carmen / Hato Pintado,8.9825418,-79.528552,Middle
El Cangrejo / El Carmen / Hato Pintado,8.9922064,-79.5230588,Middle
El Cangrejo / El Carmen / Hato Pintado,8.9903748,-79.5179777,Middle
El Cangrejo / El Carmen / Hato Pintado,8.9961061,-79.5175656,Middle
El Cangrejo / El Carmen / Hato Pintado,8.9973037,-79.5101307,Middle
El Cangrejo / El Carmen / Hato Pintado,9.0016377,-79.5027814,Middle
El Cangrejo / El Carmen / Hato Pintado,9.006067,-79.4990692,Middle
Ancon ,8.963465,-79.5435607,Middle
Ancon ,8.963849,-79.5561321,Middle
Ancon ,8.9763966,-79.5511539,Middle
Ancon ,8.9802964,-79.5434291,Middle
Ancon ,9.0142062,-79.558192,Middle
Ancon ,9.0208183,-79.5719249,Middle
Ancon ,9.0116631,-79.5918377,Middle
Ancon ,9.0008122,-79.5949276,Middle
Ancon ,8.9906392,-79.5801647,Middle
Ancon ,8.9748039,-79.5778783,Middle
Ancon ,8.9572359,-79.5684917,Middle
Ancon ,8.94774,-79.5705516,Middle
Ancon ,8.9445181,-79.5616253,Middle
Ancon ,8.9470617,-79.5521839,Middle
Ancon ,8.9594403,-79.5439441,Middle
Ancon ,8.963465,-79.5435607,Middle
